見出し,店名,年式,リンク,文言,税抜,税込
0,サイクルベースあさひ,2018,https://ec.cb-asahi.co.jp/catalog/products/5800D1D27F9E4E78BF2E176BC44E8C96,SW 「BE-ELSW01」20インチ 電動自転車,0,74799
1,サイクルベースあさひ,2018,https://ec.cb-asahi.co.jp/catalog/products/78890F21D1274AA9B43B3DDB5698E697,ビビSX「ELSX43」 24インチ 電動自転車,0,84797
2,サイクルベースあさひ,2019,https://ec.cb-asahi.co.jp/catalog/products/A3B6D740F8CF4ED5B2BD91273BAF56DA,PAS ナチュラM (パスナチュラM) 26インチ 電動自転車,0,84994
3,サイクルベースあさひ,2019,https://ec.cb-asahi.co.jp/catalog/products/583374CC1DFF4284A19FA29BCCE547EC,PAS ナチュラM (パスナチュラM) 24インチ 電動自転車,0,84994
4,サイクルベースあさひ,2018,https://ec.cb-asahi.co.jp/catalog/products/D3D8116F5875498CABF65D26D7669379,ビビSX「ELSX63」 26インチ 電動自転車【BBS1902】,0,86799
5,サイクルベースあさひ,2019,https://ec.cb-asahi.co.jp/catalog/products/A2E69B4A2D694001B21FD20A5D33537E,アシスタファインミニ 「A0BC18」 18インチ 電動自転車,0,87798
6,サイクルベースあさひ,2019,https://ec.cb-asahi.co.jp/catalog/products/41CC84B45F4C49A0A6DB9C6914838030,アシスタプリマ 「A6PC18」 26インチ 電動自転車,0,88234
7,サイクルベースあさひ,2018,https://ec.cb-asahi.co.jp/catalog/products/9F12ED255B764839935A1CCFCE2A442B,ベロスター「ELVS77」700C 7段変速 電動自転車【BBS1902】【19TK】,0,89799
8,サイクルベースあさひ,2019,https://ec.cb-asahi.co.jp/catalog/products/EF5E152D60B945AFA1F314F7407EF193,アシスタファイン 「A6FC19」 26インチ 電動自転車,0,94980
9,サイクルベースあさひ,2019,https://ec.cb-asahi.co.jp/catalog/products/6649AE19D3E043309FF95FBF78EC9559,アシスタファイン 「A4FC19」 24インチ 電動自転車,0,94980
10,サイクルベースあさひ,2018,https://ec.cb-asahi.co.jp/catalog/products/5853C287EBAA4712B184402832CE41A6,ベロスターミニ「ELVS07」20インチ 7段変速 電動自転車,0,95470
11,サイクルベースあさひ,2016,https://ec.cb-asahi.co.jp/catalog/products/A2DBADCFAE5441DAAD5BA574993159E9,PAS Mina 3人乗り対応 電動自転車 【OLSL1811】,0,97979
12,サイクルベースあさひ,2016,https://ec.cb-asahi.co.jp/catalog/products/4632D8FF1BDD43D8A2FFB4632012564C,PAS ラフィーニL 電動自転車 【OLSL1811】,0,98979
13,サイクルベースあさひ,2018,https://ec.cb-asahi.co.jp/catalog/products/0D0E24B8B1694D71ABFE2CED8DB76430,TRANS MOBILLY (トランスモバイリー) 電動アシスト 「AL-FDB140」 折りたたみ自転車,0,99800
14,サイクルベースあさひ,2018,https://ec.cb-asahi.co.jp/catalog/products/55D47F32A8AA4EAD9715FD946D45A72C,ティモ I 「BE-ELTA63」 26インチ 電動自転車【DZSL1812】,0,100300
15,サイクルベースあさひ,2019,https://ec.cb-asahi.co.jp/catalog/products/83C3B7080D404B19AE3106901D5AB8FE,PAS With 26(パスウィズ26)「PA26W」 26インチ 電動自転車【BBS1902】,0,101572
16,サイクルベースあさひ,2019,https://ec.cb-asahi.co.jp/catalog/products/3814DEDFAD8B4BD3B35740548E26CB85,PAS With 24(パスウィズ24)「PA24W」 24インチ 電動自転車,0,102379
17,サイクルベースあさひ,2019,https://ec.cb-asahi.co.jp/catalog/products/31B8367DB91848CC9C4004110A79ADD5,PAS ナチュラXL DX (パスナチュラXLデラックス) 26インチ 電動自転車 限定モデル,0,103980
18,サイクルベースあさひ,2018,https://ec.cb-asahi.co.jp/catalog/products/D39D1777EAAB4FEA861F7576F1A4C5B3,アシスタユニ 「A2UC38」 20インチ 電動自転車,0,104197
19,サイクルベースあさひ,2019,https://ec.cb-asahi.co.jp/catalog/products/BA3DDA60C0774AC5A795A21B97C11165,ビビ・DX 「BE-ELD635」26インチ 電動自転車,0,104379
20,サイクルベースあさひ,2018,https://ec.cb-asahi.co.jp/catalog/products/272993A3DD52464D86DEB010FD40F9C3,PAS CITY-X(パスシティエックス)「PA20CX」20インチ 電動自転車,0,105234
21,サイクルベースあさひ,2019,https://ec.cb-asahi.co.jp/catalog/products/6CB1A30FD0134936AE0AD4457EA45EDB,PAS CITY-X(パスシティX)「PA20CX」 20インチ 電動自転車【19TK】,0,105234
22,サイクルベースあさひ,2018,https://ec.cb-asahi.co.jp/catalog/products/099F07EA96164E428C25EF33D83F67A4,PAS SION-U (パスシオンユー) 「PA20SU」 20インチ 電動自転車,0,105579
23,サイクルベースあさひ,2018,https://ec.cb-asahi.co.jp/catalog/products/D80B1E467DC1479AB1067ED9FFDFFAF6,PAS CITY-C(パスシティシー)「PA20CC」 20インチ 電動自転車,0,105622
