"イオンバイク","0000","【お取り寄せ商品】【ヤマハ】2.9Ah リチウムイオンバッテリー 90793-25112 ホワイト 【電動自転車】【バッテリー】【イオン】【自転車】","23600","25488",NULL,NULL,"2019-04-09"
"イオンバイク","0000","【お取り寄せ商品】【ヤマハ】2.9Ah リチウムイオンバッテリー 90793-25119 ホワイト 【電動自転車】【バッテリー】【イオン】【自転車】","23600","25488",NULL,NULL,"2019-04-09"
"イオンバイク","0000","【お取り寄せ商品】【ヤマハ】2.9Ah リチウムイオンバッテリー 90793-25120 ブラック 【電動自転車】【バッテリー】【イオン】【自転車】","23600","25488",NULL,NULL,"2019-04-09"
"イオンバイク","0000","【お取り寄せ商品】【ヤマハ】4.0Ah リチウムイオンバッテリー 90793-25110 ホワイト 【電動自転車】【バッテリー】【イオン】【自転車】","25500","27540",NULL,NULL,"2019-04-09"
"イオンバイク","0000","【お取り寄せ商品】【ヤマハ】4.0Ah リチウムイオンバッテリー 90793-25111 ブラック 【電動自転車】【バッテリー】【イオン】【自転車】","25500","27540",NULL,NULL,"2019-04-09"
"イオンバイク","0000","【お取り寄せ商品】【ヤマハ】4.3Ah リチウムイオンバッテリー 90793-25121 ホワイト 【電動自転車】【バッテリー】【イオン】【自転車】","26400","28512",NULL,NULL,"2019-04-09"
"イオンバイク","0000","【お取り寄せ商品】【ヤマハ】4.3Ah リチウムイオンバッテリー 90793-25122 ブラック 【電動自転車】【バッテリー】【イオン】【自転車】","26400","28512",NULL,NULL,"2019-04-09"
"イオンバイク","0000","【お取り寄せ商品】【ヤマハ】6.0Ah リチウムイオンバッテリー 90793-25113 ホワイト 【電動自転車】【バッテリー】【イオン】【自転車】","30200","32616",NULL,NULL,"2019-04-09"
"イオンバイク","0000","【お取り寄せ商品】【ヤマハ】6.0Ah リチウムイオンバッテリー 90793-25114 ブラック 【電動自転車】【バッテリー】【イオン】【自転車】","30200","32616",NULL,NULL,"2019-04-09"
"イオンバイク","0000","【お取り寄せ商品】【ヤマハ】6.6Ah リチウムイオンバッテリー 90793-25123 ホワイト 【電動自転車】【バッテリー】【イオン】【自転車】","31200","33696",NULL,NULL,"2019-04-09"
"イオンバイク","0000","【お取り寄せ商品】【ヤマハ】6.6Ah リチウムイオンバッテリー 90793-25124 ブラック 【電動自転車】【バッテリー】【イオン】【自転車】","31200","33696",NULL,NULL,"2019-04-09"
"イオンバイク","0000","【お取り寄せ商品】【ヤマハ】8.7Ah リチウムイオンバッテリー X90-82110-00 ホワイト 【電動自転車】【バッテリー】【イオン】【自転車】","31200","33696",NULL,NULL,"2019-04-09"
"イオンバイク","0000","【お取り寄せ商品】【ヤマハ】8.9Ah リチウムイオンバッテリー 90793-25125 ホワイト 【電動自転車】【バッテリー】【イオン】【自転車】","33100","35748",NULL,NULL,"2019-04-09"
"イオンバイク","0000","【お取り寄せ商品】【ヤマハ】8.9Ah リチウムイオンバッテリー 90793-25126 ブラック 【電動自転車】【バッテリー】【イオン】【自転車】","33100","35748",NULL,NULL,"2019-04-09"
"イオンバイク","0000","【お取り寄せ商品】【ヤマハ】8.1Ah リチウムイオンバッテリー 90793-25115 ホワイト 【電動自転車】【バッテリー】【イオン】【自転車】","35000","37800",NULL,NULL,"2019-04-09"
"イオンバイク","0000","【お取り寄せ商品】【ヤマハ】8.1Ah リチウムイオンバッテリー 90793-25116 ブラック 【電動自転車】【バッテリー】【イオン】【自転車】","35000","37800",NULL,NULL,"2019-04-09"
"イオンバイク","0000","【お取り寄せ商品】【ヤマハ】12.8Ah リチウムイオンバッテリー X91-82110-20 ブラック 【電動自転車】【バッテリー】【イオン】【自転車】","36000","38880",NULL,NULL,"2019-04-09"
"イオンバイク","0000","【お店受取り送料無料】 パナソニック (Panasonic) Jコンセプト エバーグリーン 変速なし 20型 BE-JELJ01AG 電動自転車","106800","115344",NULL,NULL,"2019-04-09"
"イオンバイク","0000","【お店受取り送料無料】 ブリヂストン (BRIDGESTONE) アシスタユニ プレミア A2PC38 P.Xシーシュルアイボリー 内装3段変速 20インチ 3P80PB0 電動自転車","112800","121824",NULL,NULL,"2019-04-09"
"イオンバイク","0000","【お店受取り送料無料】 ヤマハ (YAMAHA) PAS Crew Disney edition ディープブラック 内装3段変速 24型 PA24C 電動自転車","152800","165024",NULL,NULL,"2019-04-09"
"イオンバイク","0000","【お店受取り送料無料】 ヤマハ (YAMAHA) PAS Crew Disney edition スノーホワイト 内装3段変速 24型 PA24C 電動自転車","152800","165024",NULL,NULL,"2019-04-09"
"イオンバイク","0000","【お店受取り送料無料】 ヤマハ (YAMAHA) PAS Crew Disney edition ミッキー90周年限定デザイン アメリカンレッド 内装3段変速 24型 PA24C 電動自転車","162800","175824",NULL,NULL,"2019-04-09"
