0,1,2
<span>マットブラック</span>,<span>マットグレー</span>,<span>ベージュ</span>0,1,2,3,4,5,6,7
<span>マットブラック</span>,<span>在庫なし</span>,<span>ベージュ</span>,<span>在庫なし</span>,<span>ピンク</span>,<span>在庫なし</span>,<span>ブルー</span>,<span>在庫なし</span>0,1,2,3,4,5
<span>ピスタチオ</span>,<span>在庫なし</span>,<span>マットブラック</span>,<span>シルバー</span>,<span>在庫なし</span>,<span>ブラウン</span>0,1,2,3,4,5,6,7
<span>ピスタチオ</span>,<span>在庫なし</span>,<span>マットブラック</span>,<span>在庫なし</span>,<span>シルバー</span>,<span>在庫なし</span>,<span>ブラウン</span>,<span>在庫なし</span>0,1,2,3,4,5,6,7,8,9,10,11
<span>シルバー</span>,<span>在庫なし</span>,<span>ブラウン</span>,<span>在庫なし</span>,<span>ライトブルー</span>,<span>在庫なし</span>,<span>ピンク</span>,<span>在庫なし</span>,<span>オリーブ</span>,<span>在庫なし</span>,<span>ダークブルー</span>,<span>在庫なし</span>0,1,2,3,4,5,6,7,8,9,10
<span>シルバー</span>,<span>在庫なし</span>,<span>ブラウン</span>,<span>在庫なし</span>,<span>ライトブルー</span>,<span>在庫なし</span>,<span>ピンク</span>,<span>オリーブ</span>,<span>在庫なし</span>,<span>ダークブルー</span>,<span>在庫なし</span>0,1,2,3
<span>ブラック</span>,<span>マットオリーブ</span>,<span>在庫なし</span>,<span>オレンジ</span>0,1,2,3,4
<span>ブラック</span>,<span>ホワイト</span>,<span>在庫なし</span>,<span>レッド</span>,<span>在庫なし</span>0,1,2,3,4,5,6,7,8,9,10,11
<span>シルバー</span>,<span>在庫なし</span>,<span>ブラウン</span>,<span>在庫なし</span>,<span>ブルー</span>,<span>在庫なし</span>,<span>オレンジ</span>,<span>在庫なし</span>,<span>オリーブ</span>,<span>在庫なし</span>,<span>ネイビー</span>,<span>在庫なし</span>0,1,2,3,4,5,6,7,8,9,10
<span>レッド</span>,<span>在庫なし</span>,<span>ダークブルー</span>,<span>在庫なし</span>,<span>ブラウン</span>,<span>在庫なし</span>,<span>ホワイト</span>,<span>シルバー</span>,<span>ライム</span>,<span>アクア</span>,<span>在庫なし</span>0,1,2,3,4,5,6,7,8,9
<span>マットブラック</span>,<span>在庫なし</span>,<span>オリーブ</span>,<span>在庫なし</span>,<span>ベージュ</span>,<span>在庫なし</span>,<span>ミント</span>,<span>在庫なし</span>,<span>ピンク</span>,<span>在庫なし</span>0,1,2,3,4,5,6
<span>マットブラック</span>,<span>在庫なし</span>,<span>ベージュ</span>,<span>ピンク</span>,<span>在庫なし</span>,<span>ブルー</span>,<span>在庫なし</span>0,1,2,3,4,5
<span>オリーブ</span>,<span>在庫なし</span>,<span>ブルー</span>,<span>レッド</span>,<span>在庫なし</span>,<span>ホワイト</span>0,1,2,3,4
<span>ゴールド</span>,<span>在庫なし</span>,<span>レッド</span>,<span>ブラック</span>,<span>在庫なし</span>0,1,2,3,4,5,6,7
<span>シルバー</span>,<span>在庫なし</span>,<span>ブラウン</span>,<span>在庫なし</span>,<span>ローズ</span>,<span>ネイビー</span>,<span>在庫なし</span>,<span>アイボリー</span>0,1,2,3,4,5,6,7,8
<span>マットブラック</span>,<span>在庫なし</span>,<span>オリーブ</span>,<span>在庫なし</span>,<span>ベージュ</span>,<span>ミント</span>,<span>在庫なし</span>,<span>ピンク</span>,<span>在庫なし</span>0,1,2,3,4,5,6
<span>ホワイト</span>,<span>グリーン</span>,<span>在庫なし</span>,<span>レッド</span>,<span>シルバー</span>,<span>ブラウン</span>,<span>ブルー</span>0,1,2,3,4,5
<span>ホワイト</span>,<span>グリーン</span>,<span>レッド</span>,<span>シルバー</span>,<span>ブラウン</span>,<span>ブルー</span>0,1,2,3,4,5,6,7,8,9
<span>シルバー</span>,<span>在庫なし</span>,<span>ブラウン</span>,<span>在庫なし</span>,<span>ローズ</span>,<span>在庫なし</span>,<span>ネイビー</span>,<span>在庫なし</span>,<span>アイボリー</span>,<span>在庫なし</span>0,1,2,3,4,5,6,7
<span>シルバー</span>,<span>在庫なし</span>,<span>ダークブルー</span>,<span>Dブラウン</span>,<span>在庫なし</span>,<span>アクア</span>,<span>在庫なし</span>,<span>ライム</span>